device,region,text
android,11508,ryan kent
desktop,104782,maaş bordromu nereden alabilirim
android,11508,kezban esat
iphone,21257,lexı luna vk com
android,11508,stockimg ai
desktop,11508,cyberpunk 2077 save dosyası
android,11508,kırmızı elbise domalma
desktop,103728,transit sun sextile natal venus
android,11508,vhiskey best in tea glass
android,11505,abi bana sevişmeyi ogret
android,11508,letgo uygun ürün alım satım
iphone,11508,kova erkeği özellikleri
android,11508,xhemster
android,11508,mitsubishi carisma 1.6 kullanıcı yorumları
desktop,11505,kudüs sit alanları
desktop,107757,yabani
desktop,11508,daddy store
android,11508,derrick köhn
android,11508,2. sınıf şiirleri 2 kıtalık
android,11508,peynirci baba
iphone,11505,yunus emre yetiş
iphone,104689,twitter fışkırtma sert ifş
android,11508,hugo boss parfüm
android,103825,era goz adana
iphone,103828,tokat adliyesi
desktop,103728,computer science amsterdam
android,103689,muhtar maaşı
android,11503,afişler
iphone,11508,reno kango plastik
android,103846,porno
android,11511,sonuc.meb.gov.tr lgs
android,11505,eshot 221
android,107954,scottish fold cins
desktop,103825,güneş enerjisi çalışan ısıtıcı
desktop,115921,sell your gf vk
desktop,115699,işveren v2 sistemi
iphone,103723,kvm switch server 2.el
android,11508,balıkesir sındırgı nasıl bir yer
android,11504,ceylan otantik
desktop,115717,inat tv canlı maç izle
android,11508,bodø/glimt - beşiktaş
iphone,11503,sofia altınbaş
desktop,103865,paşazade dia
desktop,11508,kpss konu dağılımı önlisans
android,11508,iktisat biliminin temelleri
android,11505,söke otogar
android,11504,altyazılı porno
iphone,11505,twitter
android,103841,bets10 giriş
desktop,103716,şener yağiz
desktop,11505,pkr değeri ne diyaliz
android,11504,stars 847
android,103852,çeviri
android,17070,saç ekimi fiyatları
desktop,104673,video dosya boyutu küçültme online
iphone,103675,aldatmak yeni bölüm fragmanı
android,11508,youtube video indirme
android,11505,helal sertifikalı kolajen
desktop,103825,لاصق سكيترز
android,107814,erica fontez porn
desktop,103837,the apotectheat diares anime 6. bölüm izle
android,11503,coldwell banker gayrimenkul
android,101474,1.3 hyundai accent
android,11508,konulu yağlı porno
android,983,halil ergün iznik
android,11503,ahaber
android,11501,samsung mzmpco
android,107759,türk pornfşa
desktop,11508,bıçakçılar oto yedpa
desktop,103675,evrim binbaş
android,103706,2020 duster comfort lastik ebadi
iphone,11503,3d duvar paneli
android,11508,grip oruç
desktop,115709,aşağıdakilerden hangisi günümüzde tıp etiği etkinlikleri içinde yer alan ilkelerden biri değildir?
android,11508,ssk borç ödeme
android,11508,waghäusel hava durumu
android,11503,xl2546k technopat
desktop,983,"email ""gallowaysbakery.com"""
desktop,115692,izmihlal ne demek
iphone,11508,dolar
android,11503,habertürk canlı
android,11503,sıkça sorulan sorular meb
desktop,103877,youtube music
android,11505,patiswiss crunchy
android,11508,tasarruflu ısıtıcı
iphone,11508,ilya tolstoy
desktop,103674,çekirdek zarı canlı mıdır
desktop,11508,mahkum1
android,103840,mi 12 ultra
android,11508,ahududu eksi
desktop,103834,zi̇raat bankasi
iphone,11501,pokemon cisdy
android,103827,yanak kılları nasıl alınır
android,11503,guzel sozler anlamlı güzel indir
desktop,115690,ata nın ingilizcesi
android,11508,4 kapakli gardolap
android,103855,colour catcher renk koruyucu mendil nasıl kullanılır
android,11508,ikea masa
desktop,107757,taraftarium24 canlı maç izle
iphone,11511,könürcü ekrem
android,11503,cariye ayetleri
android,11501,mxd ncz yalma
desktop,11508,pes toz torba
iphone,11511,türk sokakta gizli cekim etek altı taytlı
desktop,103831,aksaray hava durumu
android,103728,pendikspor
android,103828,w2g
iphone,11508,isveç'te yaşamanın zorlukları
desktop,200205,whatsapp web giriş
android,11508,liv hospital bahçeşehir cildiye doktorları
android,103862,porno gif
android,103854,türk telekom temsilciye bağlanma
desktop,11504,magic refiner mk21
desktop,11501,hayat bilgisi bulmaca
desktop,11508,yazlık hırka
android,11503,5 gram altın ne kadar
iphone,11503,emmy award dare
android,11508,ramazan bayramı
android,11511,altyazılı por
android,103826,brazzers orosbuluk
desktop,11511,desenli kolluk
desktop,103859,raelblack porno
desktop,101515,akoyun postu
iphone,11508,doksanlar dizisi
android,11508,isviçre para birimi
android,11503,f4-3600c18s-8gvk asus b450m knii
android,103837,40 yaşındaki kız pornosu
android,11508,bojan karic
android,103852,ders kodları
iphone,11503,mehtap güler
desktop,983,35150
desktop,103823,din terimleri tyt ogm materyal
android,11503,erotik porno film
android,106021,akbank ortak atm
android,103828,1 brıcs para
android,11503,هل يمكن ترك القطط وحدها في المنزل
iphone,103870,çeyrek altın fiyatı
android,11503,ali sasa eskişehir fuhuş operasyonu
desktop,103728,teknosa instagram
desktop,115699,güneş mobilya aydin
desktop,104767,toki arsa şartları fiyatları
android,11504,stranded dick v 0.13
android,11508,18 mart çanakkale
android,11508,yesevi kebap bursa
android,11508,white supremacist gangs wiki
android,115700,suriye porno
desktop,103842,senetteki yetkili mahkeme adres yerine geçer mi
desktop,107760,yari tanrilar
android,11508,recep ivedik yapılacaklar listesi
android,11504,fiorentina
iphone,11501,en güçlü pasaportlar 2023
desktop,106128,trendyol
android,11501,aloe vera nasıl bakılır
android,11508,the north face
android,103723,e devlet araçlarım
desktop,103861,opel astra g vites körüğü
desktop,104650,niketlife pijem
android,103688,ikimisli giriş
android,11511,qooder motor teknik özellikleri
android,11504,hyundai admire aksesuar
android,11508,fx15 zayıflama hapı
android,11508,netfilix 4 apk
iphone,103866,türk porn
desktop,11503,amazon
iphone,11508,türkiye
android,11511,18 türk ifşa twitter.vk.org.com
desktop,115752,sosyal misin onedio test
android,103828,kalsey kane
android,11508,disney rose biqle
iphone,11503,motorda gidon nedir
desktop,103825,الدولار مقابل التركي
desktop,103842,christian oliver jan richter
android,103826,arçelik müşteri hizmetleri elaziğ
android,11508,genel kurula nasıl katılınır
desktop,115811,meb kazanım testleri kpss
android,11503,sgk doğum borçlanması
iphone,11508,ortalama peni boyu türkiye
android,11508,hoşgeldinizerenler
desktop,101657,kapaklı reklamcılar
desktop,103833,balküpü aksaray
android,11503,turkçe alıtyazılı porno siteleri
android,11508,kadınların en beğendiği erkek parfümleri
android,11504,squid game
android,107755,asa uşağı
android,103833,zorlj sikiş
iphone,11503,chp belediye başkan adayı
android,21033,tombul süs biberi
android,11508,instagram
android,103825,mama sex
android,11504,banana coin
android,101657,renault coupe
iphone,104782,ankara büyükşehir belediyesi personel alımı
android,11503,goodle
desktop,11501,russani danni d lika setar konulu hd pornoları
android,11508,propolis faydaları
desktop,11504,murat aydin
desktop,11508,luxure tv
android,11501,meloin
iphone,11505,dijital kapı kilidi şifre fabrika ayarlarına döndürme
android,11504,bursa ofis mobilyaları
desktop,115703,windows 11 pro performance+
android,101657,pegasus uçak bileti
android,103841,samsung mah çamaşır makinesi ön yıkama
android,103877,kalp gozunu açan zikir
desktop,11508,filipinler code
desktop,11508,optik aletler örnekleri
android,115707,yunus as suresi 21
iphone,11503,kim jae won
android,11505,eznevita
android,11508,screensense
desktop,115706,5. sınıf test
android,101474,gizli bahçe
android,11508,hdr10 on pc ging reddit
iphone,11504,porto portekiz
desktop,115690,uyap kurum
android,103870,true beauty
android,103829,yes bot
desktop,115695,google çeviri
android,11508,cyberpunk 2077 giysi hilesi
iphone,11511,orjinal imam bayıldı tarifi
android,103842,syn coin nedir
desktop,101515,antalya ilinide bulunan dağlar
iphone,115699,juicy couture
android,103827,batman'da leonessa guzellik salonu
android,103823,hotmail
android,11508,tork hesaplama
desktop,106014,i
android,11505,adalet mahallesi satılık daire
android,21033,canan ismiyle karikatür
desktop,115688,kanuni hastanesi algoloji̇
iphone,104768,www duse klasik uzun porno com
android,115724,2015 ramazan başlangıcı
android,104724,vakıf katılım
iphone,11511,diazem ne işe yarar
desktop,17070,fury
android,11508,corporeal craglia
android,11508,park verde satılık daire
android,11504,app cloud samsung nedir
desktop,103838,bürüşür
android,104711,stepmom porn
android,11505,buca çilingir
iphone,103835,yüzme paleti
android,103828,bioxcin
desktop,103823,e arşiv portalı
android,983,rose florence porn
android,103835,kurtlar vadisi 97 oyuncuları
android,103723,cam vazo
android,11501,uvey anne sikis alt yazılı
android,11503,sol kulağın yanması
android,11508,kürdistan
desktop,116010,google indir
android,11502,dredge deluxe
android,11504,sertleşme problemi
iphone,11503,kadir gecesi 2023
desktop,104782,koltuk takımı
android,11503,kiz konulu sex
android,11501,sober coin
android,11508,merci chocolate carrefour sa
desktop,104771,ariel denizkızı
android,11505,kesme tahtası
iphone,103827,film izle 18
android,11503,daadet hatay adayı kimdir
desktop,103697,affordable vacation home fort lauderdale
iphone,107756,gizliifşa
desktop,101474,tdk sözlük
android,107755,damla koray
android,11508,avax usdt
android,103877,avantajix
android,11505,insan hayvan porno
iphone,11503,klima iyonizer modu nedir
android,108006,beyis
android,11511,ensonhaber
desktop,103826,sunucu kurcam
desktop,104667,prensibi nasıl yazılır
desktop,11508,imam bakır üküş
android,11503,kurtuluş kayalı tanıl bora
android,11504,özoğul tekstil vişne caddesi
android,103861,lastik basınç sensörü kaç yıl kullanılır
android,11503,karaca suluk
android,11508,monster high: 13 wishes
desktop,11508,barçino roof top bar
android,21033,wladimir zuss
android,103837,عطر تلخ به ترکی
iphone,11503,altyazılı porno
android,11508,ankara devlet konservatuvarı
android,11508,bacaklarını elletiyor
android,11505,galatasaray
android,104771,to90 transistör
android,11508,zoraki siyah
desktop,103697,aew roster
desktop,11508,bınalarda balkon yonetmeligi
desktop,106120,jon sins sex
iphone,11508,instagram
android,11508,sahte dolar ekşi
android,103833,voge
desktop,115719,google
android,103842,denizli izmir arası kaç km
android,11508,hodri meydan ne demek
iphone,103826,brazzers
desktop,103728,what is this {
android,11505,teb cetelem
desktop,11508,https://imorr-giveaway.com/
desktop,103839,the fall izle
android,103825,pınar altuğ'un pornosu
android,11503,ankamall sinema
desktop,104778,yemek kuryesi
android,11508,rc motor
iphone,11508,anal sexk porno
android,103871,kanlı elmas
desktop,103823,excel compiler
desktop,115703,www/pilotfirma.thy.com
android,11508,rüyada bilezik kırıldığını görmek
android,11508,la liga
android,103825,klavye a101
android,107995,nurchat
iphone,11508,eysis kayıt
android,103823,boyner
android,103841,lys ygs nedir
desktop,11504,kullanım koşulları gerekli mi
desktop,101657,mku uzem
android,103833,goodyear efficientgrip performance 2 195 65 15
android,11508,turkcell faturasız
iphone,11503,galatasaray - samsunspor
android,101474,adguard premium apk
desktop,11505,e devlet
android,11508,poco m4 pro
android,11505,gutten morgen porn motherless
desktop,983,shelenger backup solutions
desktop,103841,idis işitme cihazları kadıköy
desktop,11508,office.com
android,103723,twigy terlik
iphone,103835,kayaş sincan tren saatleri
android,11508,doru 7 johnson
android,115687,alt yazili sex
android,11508,مصر تسرق المساعدات الفلسطينية
desktop,11508,eypio eşi
desktop,115691,tw
iphone,11508,medipol sefaköy
android,11511,c4x
android,11508,zeplin car
android,115688,fisting de ne demek
android,11508,hutbeler
android,101474,siyasi parti üyeliği
iphone,11508,360 yayın akışı bugün
android,103828,pizza mann haus hidden cam porn
android,103875,telefondan telefona wifi ile bağlanma
android,11508,6 axis action camera stabilizer
android,11508,gunsmithing m1911
desktop,115758,qceleb.com
android,103892,cosori xxl
iphone,11511,van depremi kaç kişi öldü
android,103845,atçalı kel mehmet
desktop,103675,trendy tarim ürün.san.ve ti̇c.ltd.şti̇
desktop,11504,sovos digital planet
android,11508,sözcü
android,103839,erkek sütyen tarkarsa
android,11508,megaron tipi evler
iphone,11505,nutella kimin
android,103845,operation fortune
desktop,115700,pozitif kitap önerileri
desktop,116083,mahfi eğilmez
android,103828,auto coin
android,11503,philips 55pus8007
iphone,11511,amonyum nedir
desktop,115717,görülen geçmiş zaman ile ilgili 10 cümle
android,103873,510 vsr drill
android,103866,kanuni sultan süleyman
android,103842,tabgd
desktop,103674,"internal html urls, status code 200 nedir"
desktop,11503,itirazın iptali davası zamanaşımı arabuluculuk
desktop,104679,chrome
iphone,21033,yaşlı adam genç oğlanı sikiyor
android,11503,mestnani
iphone,103841,seksi ensest
android,11508,israil hava üsleri
android,21033,evelina kamph
android,11508,akıl oyunları
desktop,103728,atkiimalat.com
desktop,11503,where the stories of telegram desktop is downloaded?
iphone,103825,flo polaris bot
android,103855,şampiyonlar ligi maçları tv plus
android,11508,aspor
iphone,103823,canĺı maç izle kesintisiz
android,115705,spor istanbul
android,11508,11.22.63
iphone,103823,hd alt yazılı porno
desktop,103825,belirli süreli iş sözleşmesinde kıdem tazminatı
android,115721,estephania sex
android,11508,xrp usdt
android,11503,süper lig
android,11508,hacet gidermek ne demek
iphone,115693,mi
android,103825,wagner
iphone,103831,haber
android,103890,taboovideostv
desktop,11508,osmalı çayı içtiniz mi
android,115713,i̇5 9600k
android,11508,bakan nebati
android,11505,teb sms gelmiyor
android,11508,htc sense 3.0
desktop,107757,pelin çift nereli
iphone,11501,irreversible
android,11508,sa almanya
android,11503,tapu kayittlari nelerdir
desktop,11503,atv canlı
desktop,11503,odatv
android,103849,cansu canan özgen nude
android,103880,bir startupa oara yatırdım ve startup battı
iphone,11508,tapu sorgulama
android,11508,gastroenteroloji nedir
desktop,104782,ank üni ebf
android,11505,uşak sivaslı ezan vakitleri
android,11508,fayans ustası maaşları
desktop,11503,emilia romagna grand prix
desktop,11503,emin soyyiğit i̇nstagram
desktop,21033,dark green foto
iphone,11503,mother smoking porn vk
android,11503,hoca sadettin ıslahat
android,11501,ismail lazar
android,11503,queen charlotte
desktop,103833,sakla beni tepki çeken sahne
desktop,115676,mynet haber
iphone,11505,rüyada sevgilinin aldatması
android,11504,bosna cesmesi imalati
android,103723,adim farah
desktop,115708,gullsilann
android,11505,hotiptv
android,103695,iller bankası genel müdürlüğü mehtap doğu
iphone,103830,bir baskı teknikleri
desktop,983,کرم تبخال
desktop,11501,class dizayn bursa
desktop,115717,whatsapp video gönderemiyorum
android,103833,çin özbekistan maçı
android,983,süper emekli maaşı ne kadar 2023
iphone,983,facebookta başkasının gözünden görme
android,11508,laptop ram ddr3 1600 mhz
desktop,11508,vegan ürünler kozmetik
desktop,11511,kaptanı derya görevi
android,11508,lise tecavüz porno rus
android,11508,mükellef karaköy
android,103854,plaka sorgulama ucreti
android,11508,1000 kitap
iphone,11508,yepita boşnak börekçisi
android,11508,ferroli kombi basınç yüksekliği
android,11508,alt yazılı porno
iphone,115699,lily james milf porn
android,11508,alexander arnold kadın hayranı
android,11508,nesine
iphone,11503,hakan fidan kimdir
desktop,103829,jonathan banks
android,11508,mynet
android,11508,next satellite receiver
desktop,11505,google işletme profili sadece dijitaldeyim
desktop,103836,görgü ve nezaket kuralları yazılısı
android,11505,kiyaneyi kaşı
iphone,103674,dedemin sikini yaladım kızlara sor
android,103823,express entry latest draw
desktop,106127,tiktok
android,103841,olgun cümleler
android,983,akbank
android,11505,ss tiktok hd
desktop,103862,din ile yönetilen ülkeler
desktop,103873,kan bağışı sorgulama
desktop,104767,beinsport
iphone,11511,tabii 102060 samsung tv yüklenemiyor hatası
android,17070,kılıçdaroğlu
desktop,108119,hesap makinesi
android,101474,sukushi girl
android,104782,endüstriyel tasarım
iphone,103674,sahıbınden satılık fıyat fıyorıno pıremıyom 1.3 dızel
desktop,103886,kafkas universitesi
desktop,11503,hybrid monster 2
android,101657,altınbaş
desktop,106119,idrar yolu enfeksiyonu
android,11508,eski nokia telefondan androide rehber aktarma
android,11501,peşindeyiz galatasaray
desktop,11501,wvoi
android,11508,avrupa networking
iphone,11503,andolsun onların sözlerinden dolayı gögsünün daraldığını biliyoruz
android,103828,aşkı memnu 16 kanal d
desktop,103674,ipotek fekli protokol
android,104723,butterfly porno
android,11508,her şey seninle güzel nota
android,11508,abraĥam k
android,11503,onedio
desktop,103859,at
iphone,11508,engiz şenocak apartmanı satılık daire
android,103826,brazzers dusda yakalandı
android,11508,girls nude
desktop,11503,what is considerd beginner in chess.com
desktop,107819,hedef ecza deposu
android,11505,fantazi kırmızı iç çamaşırı porno
iphone,983,premier lig
desktop,115723,evelin elle
android,103839,fontawesome
android,103827,oppo find x6 pro
android,101515,mmporg
desktop,103674,matlab image full screen
android,983,son dakika haberleri
iphone,11508,ikm mülakat sonuçları
android,11504,maranta sandalye ve ahşap 2. caddesi süleymaniye osb/inegöl/bursa
android,11503,transilvanya 4
android,101474,ddr 5
desktop,11508,شرکت صادراتی مشهد
desktop,11503,yugioh 77.bölüm izle
android,11505,hdxvipizle
desktop,104749,selçuk sports
android,11504,özdilek
android,103828,fenerbahçe
iphone,103887,sümeyye altınok ögretmen
desktop,11508,xhamster
android,11503,clash of clans apk
android,11503,montessori pano
android,103823,top marks ta puzzle var mı
desktop,104767,youtube
android,11503,gtx1650
android,11503,gökkuşağı renkleri
desktop,103674,dexscreener
desktop,11505,karlılığını artıran şirketler
desktop,106122,taego
android,11505,samsung s23 ultra
android,11508,kurumlar vergisi ödememek için
android,103827,türk ifşa twitter
desktop,104703,snap
iphone,11508,beşiktaş 2 sene üst üste şampiyon hangi takım oldu
android,11508,ibb spor online
android,983,yığılı mafsal yayili mafsal nedir
desktop,11508,minecraft beehive
desktop,107791,t.tıp öğr. arş. d
android,11504,27 yil kac gun yapar
android,11508,peygambwrlerin baskenti kudus
iphone,11505,sıcak çermik aquapark
desktop,115697,animecix
android,103829,bandırma devlet hastanesi poliklinik saatleri
android,11505,derin uyku
android,11503,brazzees
desktop,11501,uzay mühendisliğinden mezun olunca ne yapılır
android,11503,kandilli rasathanesi
iphone,11508,jojobet giriş
desktop,11503,scratch parkur oyunu
android,11503,bergen filmi
android,11508,abdülaziz bekkine
android,11508,turconia
desktop,11504,uk ip search
desktop,104771,eba
iphone,103838,youtube
android,101474,m3x30mm civata
android,11508,anne karnında bebek karikatür
desktop,103837,google translate
android,103873,navionics csv
android,11508,90113200
iphone,983,qr yatırım
desktop,115723,"""duygu kızılırmak"""
desktop,107958,vakıfbank gram altın
android,103842,kelimeyi tevhid
android,103877,türk fıat el freni dişlisi
android,11508,watsons indirim
android,11501,tapu yerine geçen belge
iphone,11503,afyon masal parkı
android,11508,scoyco eldiven önerisi
desktop,103728,teknopalas
desktop,11511,speakers drivers
desktop,11503,samsung a32 entegre nedir ne işe yarar
android,103723,zore music
android,11511,canon p08 hatası düzeltme
android,11511,bist 100 yorum
desktop,115700,iş bankası internet bankacılığı
iphone,11503,hektaş hisse
android,103841,ataşehir akbank sube
android,11504,ysp partisi
desktop,11508,please run the 'select intellisense configuration...' command to locate your system headers.c/c++(1696)
desktop,115690,dünya bu 4. bölüm izle
android,11508,peugeot 307 1.6 turbo
android,11508,cahide palazzo 2023 fiyat listesi
iphone,11503,gram boyama aşamaları
desktop,106076,tf2
android,11504,ates sonrasi usume
android,103888,türk porno
android,11508,ceviri
desktop,103728,"site:https://meta.com/ ""meta verified"""
desktop,11505,dolara yüzde 30 faiz
desktop,115723,büyütünce görev çubuğu gitmiyor
android,106022,bir gardaşım var
iphone,104717,anal pornolari
android,11508,bahar süer
iphone,11508,travesti porno twitter
android,11505,vodafone faturaya ek telefon
android,103825,anatolia hospital subeleri
android,103835,dream scenario
desktop,103675,konyaaltı gitar
desktop,106124,porno czexh
iphone,11511,seçim anketi oy oranları
android,104782,gap
android,11503,konut kredisi
desktop,115687,odata request add parameter
android,983,jessy dubai porn
iphone,11503,dös dayanıklı tüketim malları telefon
desktop,11508,etsy banka hesabı girme
desktop,103870,endeavour dizi izle
android,11508,chp avcılar ilçe başkanlığı
android,103823,o bilet. com
android,11508,ghosting nedir
desktop,115735,sony vaio vpceb3e1r
android,103708,polina
iphone,11508,son dakika
android,11501,rüyada patron görmek
desktop,983,eur to tl
desktop,11503,logo yazılım ankara
android,115701,sweetpornx.com
android,11505,amatör boşaltma
android,11505,staj mağdurları
android,103834,euro canlı
iphone,101474,vedat uslu
android,103841,hx316c9sr/8
android,103723,hiz masa tenisi raketleri
desktop,11508,kağıthane su kesintisi
iphone,11508,gizem karaca frikik
android,11508,2013 ford focus tesla ekran
android,11508,namaz vakti
iphone,11505,exxen
desktop,107760,örümcek adam eve dönüş
android,11504,duyum aldım ne demek
android,11508,www.bim.com.tr hediye kartı bakiye sorgulama
android,11508,betoffice763.com
desktop,11504,eris varyantı
desktop,115708,düz sayfa
android,103825,beşiktaş barlar ekşi
iphone,11503,sol max arz
android,11508,bu cihana sığmazam yeni bölüm
desktop,11508,şampiyon filtre
android,103841,tcdd kaza raporları
android,103689,türkiye'nin en doğusu ile en batısı arasındaki saat farkı
android,11508,milka oreo
desktop,983,color psychology in design
desktop,11508,"denizli'de yemeğine fare zehri koyup öldürdüğü sevgilisinin ellerini ve ayaklarını bağlayıp, battaniyeye sardığı cesedini 2 kilometre el arabasıyla taşıyarak yol kenarına atan afganistan uyruklu sabour sakhizadeh (21), ağırlaştırılmış müebbet hapis cezasına çarptırıldı."
desktop,106127,6sigma
iphone,11503,ömer lütfi mete
android,11508,akşam ezanı
android,11505,mona wales porno anal
android,11505,çember operasyonu
iphone,103887,weber eps paketi kaç m2 yer yapar
desktop,11508,sgk işveren maliyeti
android,11508,gönül dağı
desktop,101515,son dakika deprem
android,103825,online source code viewer
android,103837,balkon kapatma cezasi
android,11508,bikem kirlangicoglu
iphone,11508,kıza hediye ne alınır
android,11511,akşam survivor da kim elendi
desktop,103723,yemek sepeti
desktop,11511,milli piyango sonuçları bilet sorgulama 2023
android,11504,kaş yatılı bölge okulu
android,11504,kosgeb teşvik
desktop,103843,kulub avripa siralamasi
android,11508,waikiki lara
desktop,11501,avatar twitter
android,101474,sex
android,103823,lg 55nano78 panel
iphone,11501,nc030801-7
android,103855,lucid air touring fiyat
android,11508,demir adam kore
android,103833,lüks daire
android,11508,malatya escort
desktop,106125,youtube.com
android,11503,yuan hanedanı
iphone,103825,tisaş zigana px9
android,11503,trive
desktop,200224,yyu hastane randevu
android,11508,maksipen nedir
android,11504,santaj ile uveye annesine tecavuz alt yazili
android,11508,edevlet
desktop,11508,05441891504
desktop,11503,teke sakalı
android,21033,çorlu'da iş ilanları erkek
android,21033,twitter logosu neden değişti
iphone,11508,riley reid porno
android,11503,dilek uztan linkedin
android,11508,youtube
desktop,11508,end of watch izle
iphone,103723,hizmet anadolu hayat emeklilik
desktop,11511,bir musibet bin nasihatten yeğdir
android,11508,weigo kedi hamağı
android,115700,xvideos gay korean
android,11508,cubana club beylikdüzü
android,11504,yıllara göre asgari ücret zam oranları
desktop,103891,kasım hangi burç
android,103828,creed 3
iphone,11508,msi optix mag342cq
android,11505,rizespor
desktop,11504,iso 7380 screw
desktop,11503,çeviri
android,21033,tüvtürk kusur tablosu 2023
android,11508,oyun laptopu
android,11508,saç jpeg
android,11508,şantajlı sikiş
iphone,11505,dsi izmir logo
android,11508,mert çağar
android,983,esenyurt'ta 15 günlük hava durumu
desktop,983,fito kremi
desktop,11508,tnt takip
desktop,103890,6 sınıf bumerang günay yayınları
android,115703,kütahya devlet hastanesi
android,11508,car launcher
iphone,11503,dört başı mamur ne demek
android,11503,kaynak torcu
android,107789,an1
android,11508,küçük besleme
desktop,11508,رستوران قلات
desktop,11508,şefkat tepe 9. bölüm
android,11504,porn xart alexsa
android,11503,adanalı ismail usta
iphone,11503,un cyprus refugees
android,11503,ankara
desktop,106120,mynet
android,11504,nfc kartı ne işe yarar
android,11508,spor aş
android,106119,mavna nedir
desktop,103823,gp automatic technologies
iphone,11508,emekli maaş farkları ne zaman verilecek 2023
android,103833,samsun namaz
android,11508,selda bağcan
desktop,103825,taraftarıyım izleme aç
android,103867,bayram namazı
android,11508,şahmelek merve
desktop,983,netdirekt
iphone,103723,e devlet giris
desktop,11508,azgin evli̇ çi̇ft eroti̇k fi̇lm
android,11511,uçucu yağ çeşitleri ve faydaları
desktop,103830,roketdızı
android,11508,bayram mesaji resimli
android,11511,ziraat bankası faiz hesaplama
desktop,115692,masar
android,103825,otg and usb charging
iphone,115699,down sendromlu futsal milli takımı
android,11508,telefon karşılaştırma
desktop,115705,umraniye
android,11508,onlyfans model vk
android,11505,porno izle
desktop,104772,trt spor canlı izle
iphone,11508,tv8
android,11508,fun
android,11505,dolar kaç tl
desktop,11508,ali kuşcu kişiliği
desktop,115707,si̇nbo
android,103688,sakarya hava durumu
android,11508,kedi hastalıkları
iphone,103694,diyarbakır doğalgaz iletişim
android,11511,susurlukta ikizler
desktop,115690,borsa azalan
android,11504,havalı apollo
android,11508,anime çizimleri
desktop,103833,epistemology of closet .pdf
desktop,11508,amd r7 240
android,11508,haller desk clock
iphone,11508,sin city
android,11508,şafak malatya
desktop,115703,yasmin levy adio kerida
android,103871,ataturk ile yapay zeka fotograf
android,103831,petrol krizi
android,11511,dakopa
desktop,11501,sex transexual girl
iphone,101657,papatyalı anlamlı sözler
android,103715,çam fıstığı kilosu
android,11503,oto elektrik deneme
iphone,103879,mia khalifa porn
android,103870,ece ronay babası
android,11508,logitech g903 g8
desktop,11509,dün kaldırdığım uygulamayı nasıl bulurum
iphone,11503,eskişehir hava durumu
desktop,103871,anaokulu boş karne örnekleri
android,11503,adidas
desktop,11508,netflix.com
android,11508,kompleks türkçe karşılığı eodev
android,11505,mi stick 4k ses tuşu çalışmıyor
desktop,11508,ersin sapmaz
android,11503,albaraka türk pratik finansman kart
android,11505,ulidag premium su
desktop,103675,langley hwdc
desktop,11503,the rainbow fish
desktop,115836,basketbolda oyun içi değişkenler nelerdir
android,11505,türkçe altyazılı pornoları
android,11505,pink what about us şarkı sözleri
android,101474,leke
desktop,115715,kardeşlerim 9. bölüm
iphone,103826,berker inanoğlu nun annesi kimdir
android,11508,hiv
android,11505,oruçluyken diş fırçalanır mı
desktop,115705,aziz mahmut hüdayi imam hatip lisesi
desktop,11505,yıllık izin bedeli icra
desktop,115707,numan kurtulmuş
android,11508,murphy kanunları
android,11508,mercedes o302
iphone,11508,0850 242 1431
android,11511,600 euro kaç tl
desktop,107986,taraftarium24
android,11508,sancaktepe 2019 seçim sonuçları
android,11501,arkadan anal porn
desktop,11508,dil belgesi
desktop,11510,lana del rey samatamsednes
android,11508,namaz vakti istanbul
iphone,11505,kerem dream hotel
android,11511,at hırsızı balici
android,103833,mom sex scnes
android,11508,muzlu magnolia
android,11508,emrah serveti
desktop,103829,genevieve degraves
desktop,103823,hayalet avcıları izle
iphone,11503,met icmeyi birakan kiseiler
android,11505,sodyum hiyalüronat
android,11508,umut sarıkaya sos olsun mu
android,101474,taş gibi kız pornosu
android,11508,btm bağcılar
android,11505,tesla ne kadar
iphone,11503,yds.csb
desktop,11508,men epilation stock video
android,103842,e devlet tapu bilgileri
desktop,115695,web tasarımım 4 yıllık bölümü nedir
android,103837,papara hesabın kontrol edilmektedir ne demek
android,101474,xxx yeni nesil ajan seri
android,103829,twitter zalva
android,103842,özdemir eczanesi denizli
iphone,103835,klu - sağlık bilimleri fakültesi sinav takvimi
android,11511,bozuk video tamir etmeyapay zeka
desktop,11508,ebru yasar allahin askina mp3 indir
desktop,11508,engin şenkan
desktop,11505,imza sirküsü için noterden istenen evraklar
android,983,sarı kalp anlam
android,103836,s sport plus canli izle bedava
android,103828,masum türker
desktop,104771,dexter izle
iphone,11508,lazerle yağ aldırma fiyatları
android,11505,uhren handaufziehen
android,11505,gaziemir çilingir
desktop,103674,french brittany
desktop,11504,10w40 4t
desktop,103823,google.com
android,11508,nba
android,11508,kekik yetiştirme
android,11503,cinsel sohbet.org
android,11511,derpixon collection
android,11505,av cemil öz
android,103827,tff 2
desktop,11508,abbas vali
desktop,106122,k12
android,11505,synesiou
iphone,11508,işten ayrılış kodları 14 tazminat hakkı
android,11508,tanıklama nedir edebiyat
iphone,104764,ins
android,11508,oppo power adapter
android,11503,a101 aktüel
android,11508,m.döviz
desktop,983,hollandez sos ne bazlıdır
android,11511,deichman
iphone,11508,ksbü
android,11503,1000 lir to pln
android,11508,en iyi gay pornoları
android,103835,ingilizce çeviri
android,103842,mobilyada taksit sayısı
iphone,11508,arkadaşınım annesini sikiyor
desktop,11508,necip ortan
desktop,11504,okan burul
android,11503,pdr taban puanları
android,11503,tuz öğütücü
android,11505,anele hisse
desktop,11505,arkadaşlık testleri
android,103825,aşkın tarifi oyuncuları
iphone,101474,adsense giriş
android,103825,yıltaş
desktop,104782,baki chapters anime
iphone,104767,canlı döviz
android,11508,ramazan çektim tabancayı
android,11508,dangerously ahyeon
android,11508,en değerli oyuncular transfermarkt
desktop,115861,dizigom
iphone,11508,25 bin dolar kaç tl
android,11503,tren takip sistemi
android,11503,irmikli şerbetli tatlılar
desktop,103846,css load font
desktop,11508,gta san andreas parkour challenge mod
android,11508,naci görür deprem uyarısı
android,11503,hava durumu ankara etimesgut
iphone,11511,türkce altyazılı porno
desktop,103882,porna tüm borçları ödedim
android,11503,soyadı kanunu
android,11508,kalıp ex
android,11508,heygen
desktop,11508,konferans ligi
desktop,11503,otoplus
android,11505,tahhut 5555
iphone,11508,the night agent 2. sezon
android,11508,bizon murat
desktop,11504,edveletr
android,11504,yalı çapkını
android,11508,soft apk
android,115724,wargame1942
iphone,11508,haberler
android,11501,bitcoin
android,11508,zk snark
desktop,103823,ters eleman matematik
android,11503,düsseldorf
desktop,103697,how to topic to clusters
iphone,103830,cates kaç tl 2023
desktop,11508,osmaneli beşevler
desktop,11504,mmg sarapcılık
android,103870,ashley graham abigail graham
android,103873,porno tıravesti gay
android,11508,peygamber eşi ve sahabe isimleri
desktop,101657,türk kızları pornosu
android,11508,tork konveyör sekmanı
iphone,11508,sen inandır nerede çekiliyor
android,983,hyundai tucson
desktop,11505,ea games vancouver
desktop,107780,windovs 11pro etkınlestırme kodu
android,103823,xiaomi
android,11508,aile
desktop,103823,"bilgisayar,tablet ve telefonlar çocuklara nasıl zarar verir"
android,11503,1.lig
android,11503,vevobahis
desktop,103728,"""green park"" revit"
desktop,11508,yuka çiçegi nasıl çoğaltılır
desktop,103867,hızlı hucüm nedir basketbol
android,11508,piknik örtüsü
android,11503,combiner
iphone,11504,sabah namazı vakti
desktop,104782,maçkolik
android,103841,http://www.superbetin1236.com/
android,11508,beşikten mezara
android,11508,vestel pixellence tv açılmıyor
desktop,11508,kos kapı vizesi
android,11508,demirören medya grubu
iphone,11501,pwm doğrultma
android,11503,barü e der
android,103841,eyt emekli maaşı ayın kaçında yatar
android,103830,yatsı namazı nasıl kılınır
desktop,103728,iyzico
android,11505,mature turk pornosu
iphone,11508,malikide taharet
android,11508,drakor
android,11508,sekrol şurup fiyatı 2023 fiyat
android,11501,e canlı tv
android,11503,bir tur ipek
iphone,11501,e devlet
desktop,11503,usd to aud
android,103873,windows defender malware nasıl
android,103828,michelle monaghan the family plan
desktop,107757,8 dolar kaç tl
android,103884,angry birds 2 türkçe dublaj
iphone,11501,gazete oku
android,103870,yargı dizisi oyuncuları
desktop,11505,whats the working hours work china
desktop,104743,film izle
android,11508,saat
android,103837,krupp kaynaksiz teker
android,11508,namlı market
iphone,104782,seleukos
iphone,103871,borno
android,103871,rauf tarık efe baş çorum
android,103870,x1 coin
desktop,103706,yabancı dizi
android,11505,190 boy kizlarsoruyor
android,103870,yandex
iphone,11508,ifsa link
iphone,103827,porno
android,103825,tuvalet aynası
android,11504,uvey annesinin santaj la ellerini baglayip qnaldan tecavuz
android,983,ankara namaz vakti
desktop,11504,"""طي العربية"""
desktop,104767,6144 i bulaşik maki̇nesi̇
desktop,11503,toprak mahsulleri ofisi ankara
android,11508,eski türk heykellerinde jiye hep sağ elle durulur
iphone,11508,caffè nero
android,103873,elbi 2023 fiyat listesi
android,103823,henley passport index
android,11503,victoria secret mağazalar
desktop,106124,ingilizce türkçe
android,104782,liseli rus ifşa
desktop,103825,hku oys
iphone,103835,krups gn9121 3 mix 9000 handmixer 750 watt
android,11508,24 genetik kemik
android,115707,teen lez sexy
android,11508,yenikapı marmaray son saat
android,11508,play off
desktop,103728,mevlana mahallesi
desktop,11508,sıvama kartvizit
android,103842,melike küçükyiğit
android,107755,alisan ugur
iphone,11511,qr sistemi ve sipariş yönetimi projesi kapsamı;
android,101657,redmi 13c
desktop,11505,brown ıdeye
iphone,11502,aile son bölüm
desktop,11504,modal kumaş iç çamaşırı
android,103832,vestel televizyon 65q
android,11508,tm10
android,11508,muammer çelebi
iphone,11508,porno brazzel lez
iphone,11508,blu tv dizileri
android,11508,vlr gg
android,11508,chelsea nin sahibi
desktop,11502,bein sport 1 canlı izle kesintisiz hd izle
desktop,11504,dns sunucusu yanıt vermiyor
